-- phpMyAdmin SQL Dump
-- version 5.2.1
-- https://www.phpmyadmin.net/
--
-- Host: db
-- Generation Time: Jun 29, 2025 at 11:59 AM
-- Server version: 11.5.2-MariaDB-ubu2404
-- PHP Version: 8.2.23

SET SQL_MODE = "NO_AUTO_VALUE_ON_ZERO";
START TRANSACTION;
SET time_zone = "+00:00";


/*!40101 SET @OLD_CHARACTER_SET_CLIENT=@@CHARACTER_SET_CLIENT */;
/*!40101 SET @OLD_CHARACTER_SET_RESULTS=@@CHARACTER_SET_RESULTS */;
/*!40101 SET @OLD_COLLATION_CONNECTION=@@COLLATION_CONNECTION */;
/*!40101 SET NAMES utf8mb4 */;

--
-- Database: `my_database`
--

-- --------------------------------------------------------

--
-- Table structure for table `hourly_control`
--

CREATE TABLE `hourly_control` (
  `id` int(11) NOT NULL COMMENT 'Primary Key',
  `id_user` int(11) NOT NULL COMMENT 'User ID',
  `project_id` int(11) NOT NULL,
  `task_id` int(11) NOT NULL,
  `date_in` datetime DEFAULT NULL COMMENT 'Get in to work',
  `date_out` datetime DEFAULT NULL COMMENT 'Get out of work',
  `total_time_worked` time DEFAULT NULL COMMENT 'Total time worked',
  `created_at` timestamp NULL DEFAULT current_timestamp(),
  `updated_at` timestamp NULL DEFAULT current_timestamp() ON UPDATE current_timestamp()
) ENGINE=InnoDB DEFAULT CHARSET=utf8mb4 COLLATE=utf8mb4_uca1400_ai_ci;

--
-- Dumping data for table `hourly_control`
--

INSERT INTO `hourly_control` (`id`, `id_user`, `project_id`, `task_id`, `date_in`, `date_out`, `total_time_worked`, `created_at`, `updated_at`) VALUES
(1, 1, 1, 2, '2024-10-06 21:54:38', '2024-10-06 21:54:43', NULL, '2025-06-14 15:04:18', '2025-06-14 15:04:18'),
(2, 1, 1, 2, '2024-10-06 22:35:24', '2024-10-06 22:35:28', NULL, '2025-06-14 15:04:18', '2025-06-14 15:04:18'),
(3, 1, 1, 2, '2024-10-06 23:18:05', '2024-10-06 23:18:33', NULL, '2025-06-14 15:04:18', '2025-06-14 15:04:18'),
(4, 1, 1, 1, '2024-10-06 23:19:00', '2024-10-06 23:19:01', NULL, '2025-06-14 15:04:18', '2025-06-14 15:04:18'),
(5, 1, 1, 2, '2024-10-06 23:20:00', '2024-10-06 23:20:01', NULL, '2025-06-14 15:04:18', '2025-06-14 15:04:18'),
(6, 1, 1, 2, '2024-10-06 23:20:03', '2024-10-06 23:21:27', NULL, '2025-06-14 15:04:18', '2025-06-14 15:04:18'),
(7, 1, 1, 2, '2024-10-06 23:44:58', '2024-10-06 23:44:59', NULL, '2025-06-14 15:04:18', '2025-06-14 15:04:18'),
(8, 1, 1, 1, '2024-10-06 23:49:06', '2024-10-06 23:50:17', NULL, '2025-06-14 15:04:18', '2025-06-14 15:04:18'),
(9, 1, 1, 2, '2024-10-06 23:51:04', '2024-10-06 23:51:07', NULL, '2025-06-14 15:04:18', '2025-06-14 15:04:18'),
(10, 2, 1, 1, '2024-10-07 10:13:15', '2024-10-07 10:13:31', NULL, '2025-06-14 15:04:18', '2025-06-14 15:04:18'),
(11, 1, 1, 2, '2024-10-07 11:53:10', '2024-10-07 13:21:44', NULL, '2025-06-14 15:04:18', '2025-06-14 15:04:18'),
(12, 1, 1, 2, '2024-10-07 14:04:42', '2024-10-07 14:05:00', NULL, '2025-06-14 15:04:18', '2025-06-14 15:04:18'),
(13, 1, 1, 1, '2024-10-07 14:05:22', '2024-10-07 14:11:13', NULL, '2025-06-14 15:04:18', '2025-06-14 15:04:18'),
(14, 1, 1, 1, '2024-10-07 14:18:32', '2024-10-07 14:20:18', '00:01:46', '2025-06-14 15:04:18', '2025-06-14 15:04:18'),
(15, 1, 1, 1, '2024-10-07 17:08:26', '2024-10-07 17:10:08', '00:01:42', '2025-06-14 15:04:18', '2025-06-14 15:04:18'),
(16, 1, 1, 1, '2024-10-07 18:18:04', '2024-10-07 18:19:40', '00:01:36', '2025-06-14 15:04:18', '2025-06-14 15:04:18'),
(17, 1, 1, 2, '2024-10-07 18:20:07', '2024-10-07 18:21:20', '00:01:13', '2025-06-14 15:04:18', '2025-06-14 15:04:18'),
(18, 1, 1, 2, '2024-10-07 18:22:07', '2024-10-07 18:51:08', '00:29:01', '2025-06-14 15:04:18', '2025-06-14 15:04:18'),
(19, 2, 1, 2, '2024-10-07 18:23:16', '2024-10-07 18:24:03', '00:00:47', '2025-06-14 15:04:18', '2025-06-14 15:04:18'),
(20, 2, 1, 1, '2024-10-07 18:25:07', '2024-10-07 18:25:47', '00:00:40', '2025-06-14 15:04:18', '2025-06-14 15:04:18'),
(22, 2, 1, 2, '2024-10-07 18:56:09', '2024-10-07 18:58:36', '00:02:27', '2025-06-14 15:04:18', '2025-06-14 15:04:18'),
(23, 1, 1, 1, '2024-10-07 18:56:59', '2024-10-07 18:59:56', '00:02:57', '2025-06-14 15:04:18', '2025-06-14 15:04:18'),
(24, 1, 1, 1, '2024-10-07 19:00:03', '2024-10-07 19:01:35', '00:01:32', '2025-06-14 15:04:18', '2025-06-14 15:04:18'),
(25, 2, 1, 2, '2024-10-07 19:13:30', '2024-10-07 20:15:04', '01:01:34', '2025-06-14 15:04:18', '2025-06-14 15:04:18'),
(26, 1, 1, 2, '2024-10-07 20:46:51', '2024-10-07 21:34:58', '00:48:07', '2025-06-14 15:04:18', '2025-06-14 15:04:18'),
(27, 2, 1, 2, '2024-10-07 21:49:27', '2024-10-07 21:50:00', '00:00:33', '2025-06-14 15:04:18', '2025-06-14 15:04:18'),
(28, 1, 1, 2, '2024-10-08 13:39:44', '2024-10-08 13:39:51', '00:00:07', '2025-06-14 15:04:18', '2025-06-14 15:04:18'),
(29, 1, 1, 2, '2024-10-08 13:39:54', '2024-10-08 14:00:02', '00:20:08', '2025-06-14 15:04:18', '2025-06-14 15:04:18'),
(30, 1, 1, 1, '2024-10-08 18:03:26', '2024-10-08 22:19:05', '04:15:39', '2025-06-14 15:04:18', '2025-06-14 15:04:18'),
(31, 2, 1, 1, '2024-10-08 20:55:22', '2024-10-08 22:24:37', '01:29:15', '2025-06-14 15:04:18', '2025-06-14 15:04:18'),
(32, 1, 1, 2, '2024-10-09 09:11:46', '2024-10-09 13:42:45', '04:30:59', '2025-06-14 15:04:18', '2025-06-14 15:04:18'),
(33, 2, 1, 2, '2024-10-09 11:16:34', '2024-10-09 13:43:33', '02:26:59', '2025-06-14 15:04:18', '2025-06-14 15:04:18'),
(34, 2, 1, 1, '2024-10-09 17:39:36', '2024-10-10 08:46:08', '15:06:32', '2025-06-14 15:04:18', '2025-06-14 15:04:18'),
(44, 1, 1, 1, '2024-10-10 16:26:51', '2024-10-10 18:13:21', '01:46:30', '2025-06-14 15:04:18', '2025-06-14 15:04:18'),
(45, 1, 1, 1, '2024-10-31 13:36:44', '2024-10-31 19:57:05', '06:20:21', '2025-06-14 15:04:18', '2025-06-14 15:04:18'),
(46, 1, 1, 2, '2024-11-01 15:48:09', '2024-11-02 21:49:30', '06:01:21', '2025-06-14 15:04:18', '2025-06-14 15:04:18'),
(47, 1, 1, 1, '2024-11-20 09:57:04', '2024-11-20 15:11:36', '05:14:32', '2025-06-14 15:04:18', '2025-06-14 15:04:18'),
(48, 1, 1, 1, '2024-11-22 09:43:08', '2024-11-22 14:51:25', '05:08:17', '2025-06-14 15:04:18', '2025-06-14 15:04:18'),
(49, 1, 1, 2, '2024-12-05 12:15:48', '2024-12-05 12:16:02', '00:00:14', '2025-06-14 15:04:18', '2025-06-14 15:04:18'),
(50, 1, 1, 1, '2024-12-05 17:45:31', '2024-12-05 18:18:18', '00:32:47', '2025-06-14 15:04:18', '2025-06-14 15:04:18'),
(51, 1, 1, 2, '2024-12-06 11:23:18', '2024-12-06 12:27:15', '01:03:57', '2025-06-14 15:04:18', '2025-06-14 15:04:18'),
(52, 1, 1, 2, '2024-12-06 12:30:38', '2024-12-06 12:51:17', '00:20:39', '2025-06-14 15:04:18', '2025-06-14 15:04:18'),
(53, 1, 1, 1, '2025-01-24 10:47:02', '2025-01-25 09:53:16', '23:06:14', '2025-06-14 15:04:18', '2025-06-14 15:04:18'),
(54, 1, 1, 2, '2025-01-25 09:54:28', '2025-01-25 10:00:43', '00:06:15', '2025-06-14 15:04:18', '2025-06-14 15:04:18'),
(55, 1, 1, 2, '2025-01-25 17:15:31', '2025-01-25 18:58:25', '01:42:54', '2025-06-14 15:04:18', '2025-06-14 15:04:18'),
(56, 1, 1, 1, '2025-01-26 10:40:38', '2025-01-26 13:26:34', '02:45:56', '2025-06-14 15:04:18', '2025-06-14 15:04:18'),
(57, 1, 1, 2, '2025-01-26 19:17:35', '2025-01-27 09:36:10', '14:18:35', '2025-06-14 15:04:18', '2025-06-14 15:04:18'),
(58, 1, 1, 1, '2025-01-27 09:37:25', '2025-01-27 15:48:51', '06:11:26', '2025-06-14 15:04:18', '2025-06-14 15:04:18'),
(59, 1, 1, 2, '2025-01-27 19:23:11', '2025-01-27 21:53:21', '02:30:10', '2025-06-14 15:04:18', '2025-06-14 15:04:18'),
(60, 1, 1, 1, '2025-01-28 09:52:07', '2025-01-28 19:51:11', '09:59:04', '2025-06-14 15:04:18', '2025-06-14 15:04:18'),
(61, 1, 1, 1, '2025-01-29 12:13:27', '2025-01-29 13:32:18', '01:18:51', '2025-06-14 15:04:18', '2025-06-14 15:04:18'),
(62, 1, 1, 2, '2025-01-29 16:41:35', '2025-01-29 22:49:40', '06:08:05', '2025-06-14 15:04:18', '2025-06-14 15:04:18'),
(63, 1, 1, 2, '2025-01-30 15:21:02', '2025-01-31 11:12:52', '19:51:50', '2025-06-14 15:04:18', '2025-06-14 15:04:18'),
(64, 1, 1, 1, '2025-01-31 16:59:52', '2025-02-03 10:42:48', '17:42:56', '2025-06-14 15:04:18', '2025-06-14 15:04:18'),
(65, 1, 1, 1, '2025-02-03 10:44:07', '2025-02-04 09:32:46', '22:48:39', '2025-06-14 15:04:18', '2025-06-14 15:04:18'),
(66, 1, 1, 2, '2025-02-04 09:32:52', '2025-02-05 18:47:29', '09:14:37', '2025-06-14 15:04:18', '2025-06-14 15:04:18'),
(67, 1, 1, 1, '2025-02-13 09:46:54', '2025-02-13 09:46:57', '00:00:03', '2025-06-14 15:04:18', '2025-06-14 15:04:18'),
(68, 1, 1, 1, '2025-02-13 09:46:58', '2025-02-13 14:11:23', '04:24:25', '2025-06-14 15:04:18', '2025-06-14 15:04:18'),
(69, 1, 1, 1, '2025-02-13 17:22:37', '2025-02-13 22:46:35', '05:23:58', '2025-06-14 15:04:18', '2025-06-14 15:04:18'),
(70, 1, 1, 1, '2025-02-14 11:37:05', '2025-02-14 14:45:39', '03:08:34', '2025-06-14 15:04:18', '2025-06-14 15:04:18'),
(71, 1, 1, 2, '2025-02-15 13:21:08', '2025-02-15 15:56:37', '02:35:29', '2025-06-14 15:04:18', '2025-06-14 15:04:18'),
(72, 1, 1, 1, '2025-02-15 15:56:46', '2025-02-15 23:29:11', '07:32:25', '2025-06-14 15:04:18', '2025-06-14 15:04:18'),
(73, 1, 1, 2, '2025-02-16 09:22:53', '2025-02-16 14:29:38', '05:06:45', '2025-06-14 15:04:18', '2025-06-14 15:04:18'),
(74, 1, 1, 1, '2025-02-16 18:23:44', '2025-02-16 23:25:21', '05:01:37', '2025-06-14 15:04:18', '2025-06-14 15:04:18'),
(75, 1, 1, 1, '2025-02-17 09:00:37', '2025-02-17 15:24:10', '06:23:33', '2025-06-14 15:04:18', '2025-06-14 15:04:18'),
(76, 1, 1, 2, '2025-02-17 18:28:45', '2025-02-17 21:45:57', '03:17:12', '2025-06-14 15:04:18', '2025-06-14 15:04:18'),
(77, 1, 1, 1, '2025-02-20 10:48:01', '2025-02-20 14:38:38', '03:50:37', '2025-06-14 15:04:18', '2025-06-14 15:04:18'),
(78, 1, 1, 2, '2025-02-20 17:00:59', '2025-02-20 23:20:58', '06:19:59', '2025-06-14 15:04:18', '2025-06-14 15:04:18'),
(79, 1, 1, 1, '2025-02-21 09:50:49', '2025-02-21 13:55:22', '04:04:33', '2025-06-14 15:04:18', '2025-06-14 15:04:18'),
(80, 1, 1, 1, '2025-03-01 12:39:23', '2025-03-01 21:23:06', '08:43:43', '2025-06-14 15:04:18', '2025-06-14 15:04:18'),
(81, 1, 1, 1, '2025-03-02 09:15:31', '2025-03-02 19:06:47', '09:51:16', '2025-06-14 15:04:18', '2025-06-14 15:04:18'),
(82, 1, 1, 1, '2025-03-09 09:08:48', '2025-03-09 21:46:01', '12:37:13', '2025-06-14 15:04:18', '2025-06-14 15:04:18'),
(83, 1, 1, 1, '2025-03-14 18:41:38', '2025-03-14 21:59:20', '03:17:42', '2025-06-14 15:04:18', '2025-06-14 15:04:18'),
(84, 1, 1, 2, '2025-03-15 09:31:21', '2025-03-15 13:48:01', '04:16:40', '2025-06-14 15:04:18', '2025-06-14 15:04:18'),
(85, 1, 1, 2, '2025-03-16 08:40:16', '2025-03-16 16:09:27', '07:29:11', '2025-06-14 15:04:18', '2025-06-14 15:04:18'),
(86, 1, 1, 1, '2025-03-19 11:19:27', '2025-03-19 15:27:17', '04:07:50', '2025-06-14 15:04:18', '2025-06-14 15:04:18'),
(87, 1, 1, 2, '2025-03-19 18:13:51', '2025-03-19 23:41:41', '05:27:50', '2025-06-14 15:04:18', '2025-06-14 15:04:18'),
(88, 1, 1, 1, '2025-03-20 16:54:11', '2025-03-21 15:21:47', '22:27:36', '2025-06-14 15:04:18', '2025-06-14 15:04:18'),
(89, 1, 1, 1, '2025-03-22 10:48:30', '2025-03-23 08:47:11', '21:58:41', '2025-06-14 15:04:18', '2025-06-14 15:04:18'),
(90, 1, 1, 2, '2025-03-24 17:20:27', '2025-03-24 18:50:15', '01:29:48', '2025-06-14 15:04:18', '2025-06-14 15:04:18'),
(91, 1, 1, 2, '2025-06-01 18:24:06', '2025-06-01 20:41:59', '02:17:53', '2025-06-14 15:04:18', '2025-06-14 15:04:18'),
(92, 1, 1, 1, '2025-06-02 20:40:15', '2025-06-02 21:35:49', '00:55:34', '2025-06-14 15:04:18', '2025-06-14 15:04:18'),
(93, 1, 1, 1, '2025-06-03 20:10:30', '2025-06-04 18:35:10', '22:24:40', '2025-06-14 15:04:18', '2025-06-14 15:04:18'),
(94, 1, 1, 2, '2025-06-04 18:36:08', '2025-06-05 18:02:05', '23:25:57', '2025-06-14 15:04:18', '2025-06-14 15:04:18'),
(95, 1, 1, 1, '2025-06-05 18:02:08', '2025-06-06 18:15:17', '00:13:09', '2025-06-14 15:04:18', '2025-06-14 15:04:18'),
(96, 1, 1, 2, '2025-06-06 18:16:12', '2025-06-06 21:02:16', '02:46:04', '2025-06-14 15:04:18', '2025-06-14 15:04:18'),
(97, 1, 1, 2, '2025-06-07 09:56:27', '2025-06-07 16:27:37', '06:31:10', '2025-06-14 15:04:18', '2025-06-14 15:04:18'),
(98, 1, 1, 1, '2025-06-08 11:46:25', '2025-06-08 23:10:28', '11:24:03', '2025-06-14 15:04:18', '2025-06-14 15:04:18'),
(99, 1, 1, 2, '2025-06-09 18:46:35', '2025-06-09 18:47:21', '00:00:46', '2025-06-14 15:04:18', '2025-06-14 15:04:18'),
(100, 1, 1, 2, '2025-06-09 18:47:29', '2025-06-09 18:49:21', '00:01:52', '2025-06-14 15:04:18', '2025-06-14 15:04:18'),
(103, 1, 1, 2, '2025-06-09 21:45:27', '2025-06-09 22:18:23', '00:32:56', '2025-06-14 15:04:18', '2025-06-14 15:04:18'),
(104, 1, 1, 2, '2025-06-10 17:31:35', '2025-06-10 17:31:40', '00:00:05', '2025-06-14 15:04:18', '2025-06-14 15:04:18'),
(106, 1, 1, 1, '2025-06-10 17:31:50', '2025-06-10 17:31:55', '00:00:05', '2025-06-14 15:04:18', '2025-06-14 15:04:18'),
(108, 1, 1, 1, '2025-06-10 17:32:12', '2025-06-10 17:33:04', '00:00:52', '2025-06-14 15:04:18', '2025-06-14 15:04:18'),
(109, 1, 1, 1, '2025-06-10 17:33:38', '2025-06-10 17:33:42', '00:00:04', '2025-06-14 15:04:18', '2025-06-14 15:04:18'),
(110, 1, 1, 2, '2025-06-10 17:34:56', '2025-06-10 17:34:59', '00:00:03', '2025-06-14 15:04:18', '2025-06-14 15:04:18'),
(112, 1, 1, 2, '2025-06-10 17:35:05', '2025-06-10 17:38:48', '00:03:43', '2025-06-14 15:04:18', '2025-06-14 15:04:18'),
(113, 1, 1, 2, '2025-06-10 17:38:50', '2025-06-10 17:38:59', '00:00:09', '2025-06-14 15:04:18', '2025-06-14 15:04:18'),
(114, 1, 1, 2, '2025-06-10 17:39:16', '2025-06-10 17:39:25', '00:00:09', '2025-06-14 15:04:18', '2025-06-14 15:04:18'),
(115, 1, 1, 2, '2025-06-10 17:43:33', '2025-06-10 17:45:41', '00:02:08', '2025-06-14 15:04:18', '2025-06-14 15:04:18'),
(116, 1, 1, 1, '2025-06-10 17:53:58', '2025-06-10 18:02:56', '00:08:58', '2025-06-14 15:04:18', '2025-06-14 15:04:18'),
(117, 1, 1, 2, '2025-06-10 18:03:05', '2025-06-10 18:07:38', '00:04:33', '2025-06-14 15:04:18', '2025-06-14 15:04:18'),
(118, 1, 1, 1, '2025-06-10 18:13:41', '2025-06-10 18:14:42', '00:01:01', '2025-06-14 15:04:18', '2025-06-14 15:04:18'),
(119, 1, 1, 1, '2025-06-10 18:16:20', '2025-06-10 18:21:20', '00:05:00', '2025-06-14 15:04:18', '2025-06-14 15:04:18'),
(120, 1, 1, 1, '2025-06-10 18:21:46', '2025-06-10 18:23:43', '00:01:57', '2025-06-14 15:04:18', '2025-06-14 15:04:18'),
(121, 1, 1, 2, '2025-06-10 18:23:48', '2025-06-10 18:25:01', '00:01:13', '2025-06-14 15:04:18', '2025-06-14 15:04:18'),
(122, 1, 1, 1, '2025-06-10 18:27:17', '2025-06-10 18:27:52', '00:00:35', '2025-06-14 15:04:18', '2025-06-14 15:04:18'),
(124, 1, 1, 1, '2025-06-10 18:28:28', '2025-06-10 18:29:10', '00:00:42', '2025-06-14 15:04:18', '2025-06-14 15:04:18'),
(127, 1, 1, 2, '2025-06-10 18:29:50', '2025-06-10 18:29:57', '00:00:07', '2025-06-14 15:04:18', '2025-06-14 15:04:18'),
(130, 1, 1, 2, '2025-06-10 18:31:18', '2025-06-10 18:31:21', '00:00:03', '2025-06-14 15:04:18', '2025-06-14 15:04:18'),
(134, 1, 1, 1, '2025-06-10 18:31:47', '2025-06-10 18:31:48', '00:00:01', '2025-06-14 15:04:18', '2025-06-14 15:04:18'),
(135, 1, 1, 2, '2025-06-10 18:31:49', '2025-06-10 18:31:52', '00:00:03', '2025-06-14 15:04:18', '2025-06-14 15:04:18'),
(137, 1, 1, 2, '2025-06-10 18:32:36', '2025-06-10 18:32:38', '00:00:02', '2025-06-14 15:04:18', '2025-06-14 15:04:18'),
(138, 1, 1, 1, '2025-06-10 18:32:39', '2025-06-10 18:33:22', '00:00:43', '2025-06-14 15:04:18', '2025-06-14 15:04:18'),
(141, 1, 1, 2, '2025-06-10 18:33:29', '2025-06-10 18:33:30', '00:00:01', '2025-06-14 15:04:18', '2025-06-14 15:04:18'),
(143, 1, 1, 2, '2025-06-10 18:34:31', '2025-06-10 18:34:33', '00:00:02', '2025-06-14 15:04:18', '2025-06-14 15:04:18'),
(144, 1, 1, 1, '2025-06-10 18:34:34', '2025-06-10 18:34:35', '00:00:01', '2025-06-14 15:04:18', '2025-06-14 15:04:18'),
(146, 1, 1, 1, '2025-06-10 18:36:23', '2025-06-10 18:36:24', '00:00:01', '2025-06-14 15:04:18', '2025-06-14 15:04:18'),
(147, 1, 1, 2, '2025-06-10 18:36:37', '2025-06-10 18:37:08', '00:00:31', '2025-06-14 15:04:18', '2025-06-14 15:04:18'),
(149, 1, 1, 1, '2025-06-10 18:37:38', '2025-06-10 18:39:00', '00:01:22', '2025-06-14 15:04:18', '2025-06-14 15:04:18'),
(152, 1, 1, 1, '2025-06-10 18:39:53', '2025-06-10 18:40:03', '00:00:10', '2025-06-14 15:04:18', '2025-06-14 15:04:18'),
(153, 1, 1, 1, '2025-06-10 18:42:55', '2025-06-10 18:44:54', '00:01:59', '2025-06-14 15:04:18', '2025-06-14 15:04:18'),
(156, 1, 1, 2, '2025-06-10 18:49:35', '2025-06-10 18:49:46', '00:00:11', '2025-06-14 15:04:18', '2025-06-14 15:04:18'),
(157, 1, 1, 2, '2025-06-10 18:50:50', '2025-06-10 18:51:16', '00:00:26', '2025-06-14 15:04:18', '2025-06-14 15:04:18'),
(158, 1, 1, 2, '2025-06-10 18:51:38', '2025-06-10 18:51:58', '00:00:20', '2025-06-14 15:04:18', '2025-06-14 15:04:18'),
(159, 1, 1, 2, '2025-06-10 18:52:12', '2025-06-10 18:53:30', '00:01:18', '2025-06-14 15:04:18', '2025-06-14 15:04:18'),
(160, 1, 1, 2, '2025-06-10 19:18:07', '2025-06-10 19:33:57', '00:15:50', '2025-06-14 15:04:18', '2025-06-14 15:04:18'),
(161, 1, 1, 1, '2025-06-10 19:34:48', '2025-06-10 19:35:39', '00:00:51', '2025-06-14 15:04:18', '2025-06-14 15:04:18'),
(162, 1, 1, 2, '2025-06-10 19:35:48', '2025-06-10 19:56:44', '00:20:56', '2025-06-14 15:04:18', '2025-06-14 15:04:18'),
(163, 1, 1, 1, '2025-06-10 19:56:50', '2025-06-10 20:10:24', '00:13:34', '2025-06-14 15:04:18', '2025-06-14 15:04:18'),
(164, 1, 1, 1, '2025-06-10 22:44:02', '2025-06-10 23:00:43', '00:16:41', '2025-06-14 15:04:18', '2025-06-14 15:04:18'),
(165, 1, 1, 1, '2025-06-10 23:00:47', '2025-06-10 23:01:03', '00:00:16', '2025-06-14 15:04:18', '2025-06-14 15:04:18'),
(166, 1, 1, 2, '2025-06-10 23:01:10', '2025-06-10 23:02:03', '00:00:53', '2025-06-14 15:04:18', '2025-06-14 15:04:18'),
(167, 1, 1, 1, '2025-06-10 23:04:48', '2025-06-10 23:04:52', '00:00:04', '2025-06-14 15:04:18', '2025-06-14 15:04:18'),
(168, 1, 1, 2, '2025-06-10 23:04:53', '2025-06-10 23:06:15', '00:01:22', '2025-06-14 15:04:18', '2025-06-14 15:04:18'),
(169, 1, 1, 1, '2025-06-10 23:08:35', '2025-06-10 23:08:43', '00:00:08', '2025-06-14 15:04:18', '2025-06-14 15:04:18'),
(170, 1, 1, 2, '2025-06-10 23:08:44', '2025-06-10 23:25:26', '00:16:42', '2025-06-14 15:04:18', '2025-06-14 15:04:18'),
(171, 1, 1, 1, '2025-06-10 23:25:28', '2025-06-10 23:26:20', '00:00:52', '2025-06-14 15:04:18', '2025-06-14 15:04:18'),
(172, 1, 1, 2, '2025-06-10 23:26:22', '2025-06-10 23:29:00', '00:02:38', '2025-06-14 15:04:18', '2025-06-14 15:04:18'),
(173, 1, 1, 2, '2025-06-10 23:29:04', '2025-06-10 23:34:24', '00:05:20', '2025-06-14 15:04:18', '2025-06-14 15:04:18'),
(174, 1, 1, 1, '2025-06-10 23:34:26', '2025-06-10 23:40:22', '00:05:56', '2025-06-14 15:04:18', '2025-06-14 15:04:18'),
(175, 1, 1, 2, '2025-06-10 23:42:23', '2025-06-10 23:43:34', '00:01:11', '2025-06-14 15:04:18', '2025-06-14 15:04:18'),
(176, 1, 1, 2, '2025-06-10 23:43:37', '2025-06-10 23:45:58', '00:02:21', '2025-06-14 15:04:18', '2025-06-14 15:04:18'),
(177, 1, 1, 2, '2025-06-10 23:45:59', '2025-06-10 23:46:27', '00:00:28', '2025-06-14 15:04:18', '2025-06-14 15:04:18'),
(178, 1, 1, 2, '2025-06-10 23:46:29', '2025-06-10 23:47:12', '00:00:43', '2025-06-14 15:04:18', '2025-06-14 15:04:18'),
(179, 1, 1, 2, '2025-06-10 23:47:13', '2025-06-10 23:49:17', '00:02:04', '2025-06-14 15:04:18', '2025-06-14 15:04:18'),
(180, 1, 1, 2, '2025-06-11 18:55:51', '2025-06-11 18:56:36', '00:00:45', '2025-06-14 15:04:18', '2025-06-14 15:04:18'),
(181, 1, 1, 1, '2025-06-11 18:58:04', '2025-06-11 18:58:50', '00:00:46', '2025-06-14 15:04:18', '2025-06-14 15:04:18'),
(182, 1, 1, 1, '2025-06-11 18:59:05', '2025-06-11 19:00:22', '00:01:17', '2025-06-14 15:04:18', '2025-06-14 15:04:18'),
(183, 1, 1, 2, '2025-06-11 19:00:25', '2025-06-11 19:01:29', '00:01:04', '2025-06-14 15:04:18', '2025-06-14 15:04:18'),
(184, 1, 1, 1, '2025-06-11 19:02:37', '2025-06-11 19:04:16', '00:01:39', '2025-06-14 15:04:18', '2025-06-14 15:04:18'),
(185, 1, 1, 1, '2025-06-11 19:04:18', '2025-06-11 19:17:03', '00:12:45', '2025-06-14 15:04:18', '2025-06-14 15:04:18'),
(186, 1, 1, 2, '2025-06-11 19:17:05', '2025-06-11 19:17:27', '00:00:22', '2025-06-14 15:04:18', '2025-06-14 15:04:18'),
(187, 1, 1, 1, '2025-06-11 19:17:29', '2025-06-11 19:21:33', '00:04:04', '2025-06-14 15:04:18', '2025-06-14 15:04:18'),
(188, 1, 1, 1, '2025-06-11 19:42:31', '2025-06-11 19:44:19', '00:01:48', '2025-06-14 15:04:18', '2025-06-14 15:04:18'),
(189, 1, 1, 2, '2025-06-11 19:48:04', '2025-06-11 20:02:18', '00:14:14', '2025-06-14 15:04:18', '2025-06-14 15:04:18'),
(190, 1, 1, 1, '2025-06-11 20:27:49', '2025-06-11 20:28:03', '00:00:14', '2025-06-14 15:04:18', '2025-06-14 15:04:18'),
(191, 1, 1, 1, '2025-06-11 20:28:32', '2025-06-11 20:33:11', '00:04:39', '2025-06-14 15:04:18', '2025-06-14 15:04:18'),
(192, 1, 1, 1, '2025-06-11 20:41:51', '2025-06-11 20:43:13', '00:01:22', '2025-06-14 15:04:18', '2025-06-14 15:04:18'),
(193, 1, 1, 1, '2025-06-11 20:43:35', '2025-06-11 20:43:50', '00:00:15', '2025-06-14 15:04:18', '2025-06-14 15:04:18'),
(194, 1, 1, 1, '2025-06-11 20:45:43', '2025-06-11 20:45:48', '00:00:05', '2025-06-14 15:04:18', '2025-06-14 15:04:18'),
(195, 1, 1, 1, '2025-06-11 20:51:28', '2025-06-11 20:51:40', '00:00:12', '2025-06-14 15:04:18', '2025-06-14 15:04:18'),
(196, 1, 1, 1, '2025-06-11 21:56:46', '2025-06-11 22:01:44', '00:04:58', '2025-06-14 15:04:18', '2025-06-14 15:04:18'),
(197, 1, 1, 2, '2025-06-11 22:18:01', '2025-06-11 22:18:37', '00:00:36', '2025-06-14 15:04:18', '2025-06-14 15:04:18'),
(198, 1, 2, 1, '2025-06-11 22:20:06', '2025-06-11 22:21:18', '00:01:12', '2025-06-14 15:04:18', '2025-06-14 15:04:18'),
(199, 1, 2, 1, '2025-06-11 22:26:02', '2025-06-11 22:26:30', '00:00:28', '2025-06-14 15:04:18', '2025-06-14 15:04:18'),
(200, 1, 1, 2, '2025-06-11 22:26:47', '2025-06-11 22:46:52', '00:20:05', '2025-06-14 15:04:18', '2025-06-14 15:04:18'),
(201, 1, 2, 1, '2025-06-11 22:58:46', '2025-06-11 23:00:26', '00:01:40', '2025-06-14 15:04:18', '2025-06-14 15:04:18'),
(202, 1, 2, 2, '2025-06-13 21:45:53', '2025-06-13 21:46:40', '00:00:47', '2025-06-14 15:04:18', '2025-06-14 15:04:18'),
(203, 1, 2, 2, '2025-06-13 22:39:09', '2025-06-13 23:02:54', '00:23:45', '2025-06-14 15:04:18', '2025-06-14 15:04:18'),
(204, 1, 2, 1, '2025-06-13 23:14:04', '2025-06-13 23:15:33', '00:01:29', '2025-06-14 15:04:18', '2025-06-14 15:04:18'),
(205, 1, 2, 2, '2025-06-13 23:18:16', '2025-06-13 23:24:13', '00:05:57', '2025-06-14 15:04:18', '2025-06-14 15:04:18'),
(206, 1, 3, 3, '2025-06-14 16:31:58', '2025-06-14 17:05:26', '00:33:28', '2025-06-14 15:04:18', '2025-06-14 15:05:26'),
(207, 1, 3, 3, '2025-06-14 17:05:39', '2025-06-14 17:27:48', '00:22:09', '2025-06-14 15:05:39', '2025-06-14 15:27:48'),
(208, 1, 3, 4, '2025-06-15 13:38:01', '2025-06-15 15:08:57', '01:30:56', '2025-06-15 11:38:01', '2025-06-15 13:08:57'),
(209, 1, 3, 4, '2025-06-15 15:13:54', '2025-06-15 15:14:24', '00:00:30', '2025-06-15 13:13:54', '2025-06-15 13:14:24'),
(210, 1, 3, 5, '2025-06-15 21:06:26', '2025-06-15 22:08:59', '01:02:33', '2025-06-15 19:06:26', '2025-06-15 20:08:59'),
(211, 1, 3, 5, '2025-06-15 22:09:36', '2025-06-15 22:39:58', '00:30:22', '2025-06-15 20:09:36', '2025-06-15 20:39:59'),
(212, 1, 3, 5, '2025-06-16 18:09:07', '2025-06-16 19:52:55', '01:43:48', '2025-06-16 16:09:07', '2025-06-16 17:52:55'),
(213, 1, 3, 5, '2025-06-16 21:35:39', '2025-06-16 21:38:27', '00:02:48', '2025-06-16 19:35:39', '2025-06-16 19:38:27'),
(214, 1, 3, 5, '2025-06-16 21:44:56', '2025-06-16 21:45:28', '00:00:32', '2025-06-16 19:44:56', '2025-06-16 19:45:28'),
(215, 1, 3, 5, '2025-06-16 21:47:22', '2025-06-16 21:47:34', '00:00:12', '2025-06-16 19:47:22', '2025-06-16 19:47:34'),
(216, 1, 3, 5, '2025-06-17 19:08:42', '2025-06-17 19:19:46', '00:11:04', '2025-06-17 17:08:42', '2025-06-17 17:19:46'),
(217, 1, 3, 5, '2025-06-17 19:20:07', '2025-06-17 23:38:16', '04:18:09', '2025-06-17 17:20:07', '2025-06-17 21:38:16'),
(218, 1, 3, 5, '2025-06-18 20:36:10', '2025-06-18 21:15:29', '00:39:19', '2025-06-18 18:36:10', '2025-06-18 19:15:29'),
(219, 1, 3, 5, '2025-06-18 21:32:14', '2025-06-18 21:33:43', '00:01:29', '2025-06-18 19:32:14', '2025-06-18 19:33:43'),
(220, 1, 3, 5, '2025-06-18 21:33:48', '2025-06-18 21:37:34', '00:03:46', '2025-06-18 19:33:48', '2025-06-18 19:37:34'),
(221, 1, 3, 5, '2025-06-18 21:37:40', '2025-06-18 22:03:08', '00:25:28', '2025-06-18 19:37:40', '2025-06-18 20:03:08'),
(222, 1, 3, 6, '2025-06-19 22:07:21', '2025-06-19 23:13:44', '01:06:23', '2025-06-19 20:07:21', '2025-06-19 21:13:44'),
(223, 1, 3, 6, '2025-06-19 23:23:43', '2025-06-19 23:38:18', '00:14:35', '2025-06-19 21:23:43', '2025-06-19 21:38:18'),
(224, 1, 3, 6, '2025-06-19 23:53:11', '2025-06-19 23:55:59', '00:02:48', '2025-06-19 21:53:11', '2025-06-19 21:55:59'),
(225, 1, 3, 6, '2025-06-19 23:56:32', '2025-06-19 23:57:11', '00:00:39', '2025-06-19 21:56:32', '2025-06-19 21:57:11'),
(226, 1, 3, 6, '2025-06-21 11:17:24', '2025-06-21 12:25:23', '01:07:59', '2025-06-21 09:17:24', '2025-06-21 10:25:23'),
(227, 1, 3, 6, '2025-06-21 12:26:36', '2025-06-21 12:45:39', '00:19:03', '2025-06-21 10:26:36', '2025-06-21 10:45:39'),
(228, 1, 3, 6, '2025-06-21 12:45:55', '2025-06-21 12:48:03', '00:02:08', '2025-06-21 10:45:55', '2025-06-21 10:48:03'),
(229, 1, 3, 6, '2025-06-21 12:48:39', '2025-06-21 12:56:11', '00:07:32', '2025-06-21 10:48:39', '2025-06-21 10:56:11'),
(230, 1, 3, 6, '2025-06-21 13:11:57', '2025-06-21 13:14:12', '00:02:15', '2025-06-21 11:11:57', '2025-06-21 11:14:12'),
(231, 1, 3, 7, '2025-06-21 19:11:43', '2025-06-21 19:28:08', '00:16:25', '2025-06-21 17:11:43', '2025-06-21 17:28:08'),
(232, 1, 3, 7, '2025-06-21 20:11:07', '2025-06-21 20:11:20', '00:00:13', '2025-06-21 18:11:07', '2025-06-21 18:11:20'),
(233, 1, 3, 7, '2025-06-21 20:18:13', '2025-06-21 20:22:01', '00:03:48', '2025-06-21 18:18:13', '2025-06-21 18:22:01'),
(234, 1, 3, 1, '2025-06-21 21:09:35', '2025-06-21 21:39:35', '00:30:00', '2025-06-21 19:09:35', '2025-06-21 19:39:35'),
(235, 1, 3, 5, '2025-06-22 11:04:33', '2025-06-22 11:30:31', '00:25:58', '2025-06-22 09:04:46', '2025-06-22 09:30:31'),
(236, 1, 3, 5, '2025-06-22 11:31:07', '2025-06-22 11:47:16', '00:16:09', '2025-06-22 09:31:07', '2025-06-22 09:47:17'),
(237, 1, 3, 5, '2025-06-22 20:31:38', '2025-06-22 20:33:50', '00:02:12', '2025-06-22 18:31:38', '2025-06-22 18:33:50'),
(238, 1, 3, 9, '2025-06-22 20:33:56', '2025-06-22 20:38:03', '00:04:07', '2025-06-22 18:33:56', '2025-06-22 18:38:03'),
(239, 1, 3, 9, '2025-06-22 23:33:30', '2025-06-22 23:33:39', '00:00:09', '2025-06-22 21:33:30', '2025-06-22 21:33:39'),
(240, 1, 3, 10, '2025-06-22 23:36:10', '2025-06-22 23:51:06', '00:14:56', '2025-06-22 21:36:10', '2025-06-22 21:51:06'),
(241, 1, 3, 10, '2025-06-23 18:12:04', '2025-06-23 21:38:54', '03:26:50', '2025-06-23 16:12:04', '2025-06-23 19:38:54'),
(242, 1, 3, 11, '2025-06-24 19:09:56', '2025-06-24 20:38:21', '01:28:25', '2025-06-24 17:09:56', '2025-06-24 18:38:22'),
(243, 1, 3, 11, '2025-06-25 19:34:02', '2025-06-25 20:15:48', '00:41:46', '2025-06-25 17:34:02', '2025-06-25 18:15:48'),
(244, 1, 3, 12, '2025-06-25 21:28:26', '2025-06-25 22:57:52', '01:29:26', '2025-06-25 19:28:26', '2025-06-25 20:57:52'),
(245, 1, 3, 12, '2025-06-28 11:24:36', '2025-06-28 13:36:58', '02:12:22', '2025-06-28 09:24:36', '2025-06-28 11:36:58'),
(246, 1, 3, 12, '2025-06-28 16:14:05', '2025-06-28 17:13:58', '00:59:53', '2025-06-28 14:14:05', '2025-06-28 15:13:58'),
(247, 1, 3, 13, '2025-06-28 17:33:01', '2025-06-28 19:31:49', '01:58:48', '2025-06-28 15:33:01', '2025-06-28 17:31:49'),
(248, 1, 3, 13, '2025-06-29 11:49:23', '2025-06-29 11:53:24', '00:04:01', '2025-06-29 09:49:23', '2025-06-29 09:53:24'),
(249, 1, 3, 13, '2025-06-29 12:51:37', '2025-06-29 13:57:52', '01:06:15', '2025-06-29 10:51:37', '2025-06-29 11:57:52');

-- --------------------------------------------------------

--
-- Table structure for table `projects`
--

CREATE TABLE `projects` (
  `project_id` int(11) NOT NULL,
  `project_name` varchar(100) DEFAULT NULL,
  `active` tinyint(1) DEFAULT 0
) ENGINE=InnoDB DEFAULT CHARSET=utf8mb4 COLLATE=utf8mb4_uca1400_ai_ci;

--
-- Dumping data for table `projects`
--

INSERT INTO `projects` (`project_id`, `project_name`, `active`) VALUES
(1, 'Example Project', 1),
(2, 'Main Project', 1),
(3, 'Hourly Control', 1);

-- --------------------------------------------------------

--
-- Table structure for table `roles`
--

CREATE TABLE `roles` (
  `id_role` tinyint(11) NOT NULL,
  `role` varchar(50) NOT NULL
) ENGINE=InnoDB DEFAULT CHARSET=utf8mb4 COLLATE=utf8mb4_general_ci;

--
-- Dumping data for table `roles`
--

INSERT INTO `roles` (`id_role`, `role`) VALUES
(1, 'ROLE_ADMIN'),
(2, 'ROLE_USER');

-- --------------------------------------------------------

--
-- Table structure for table `tasks`
--

CREATE TABLE `tasks` (
  `task_id` int(11) NOT NULL,
  `task_name` varchar(100) DEFAULT NULL,
  `active` tinyint(1) DEFAULT 0
) ENGINE=InnoDB DEFAULT CHARSET=utf8mb4 COLLATE=utf8mb4_uca1400_ai_ci;

--
-- Dumping data for table `tasks`
--

INSERT INTO `tasks` (`task_id`, `task_name`, `active`) VALUES
(1, 'Refactor HomeController', 0),
(2, 'Refactor AdminController', 0),
(3, 'Create Relationships between tables', 0),
(4, 'Improve select elements in main view', 0),
(5, 'Add tests', 1),
(6, 'Refactor HourlyController', 0),
(7, 'Create DB my_database_test', 0),
(8, 'Create task CRUD', 1),
(9, 'Add dashboard', 0),
(10, 'Create search by user and date view', 0),
(11, 'Create Task Index CRUD', 0),
(12, 'Create New Task CRUD', 0),
(13, 'Create Edit Task CRUD', 1);

-- --------------------------------------------------------

--
-- Table structure for table `users`
--

CREATE TABLE `users` (
  `id` int(11) NOT NULL,
  `user_name` varchar(50) NOT NULL,
  `email` varchar(255) NOT NULL,
  `password` varchar(255) NOT NULL,
  `id_role` tinyint(4) NOT NULL DEFAULT 2
) ENGINE=InnoDB DEFAULT CHARSET=utf8mb4 COLLATE=utf8mb4_general_ci;

--
-- Dumping data for table `users`
--

INSERT INTO `users` (`id`, `user_name`, `email`, `password`, `id_role`) VALUES
(1, 'admin', 'admin@admin.com', '$2y$10$ogfCYy6rVto2lawPtHCONuYgHsVDjYvBMqk6KXY/EdTkGddW7kmJ.', 1),
(2, 'mario', 'mario@mario.com', '$2y$10$W8t/Qcv3NgXk9XN.yIJfzOJso5lOUtimt.8qpqpRlOF/VtZ3xotrK', 2);

--
-- Indexes for dumped tables
--

--
-- Indexes for table `hourly_control`
--
ALTER TABLE `hourly_control`
  ADD PRIMARY KEY (`id`),
  ADD KEY `fk_hourly_control_project` (`project_id`),
  ADD KEY `fk_hourly_control_task` (`task_id`),
  ADD KEY `idx_id_user` (`id_user`),
  ADD KEY `idx_user_project` (`id_user`,`project_id`);

--
-- Indexes for table `projects`
--
ALTER TABLE `projects`
  ADD PRIMARY KEY (`project_id`);

--
-- Indexes for table `roles`
--
ALTER TABLE `roles`
  ADD PRIMARY KEY (`id_role`);

--
-- Indexes for table `tasks`
--
ALTER TABLE `tasks`
  ADD PRIMARY KEY (`task_id`);

--
-- Indexes for table `users`
--
ALTER TABLE `users`
  ADD PRIMARY KEY (`id`),
  ADD KEY `fk_user_role` (`id_role`);

--
-- AUTO_INCREMENT for dumped tables
--

--
-- AUTO_INCREMENT for table `hourly_control`
--
ALTER TABLE `hourly_control`
  MODIFY `id` int(11) NOT NULL AUTO_INCREMENT COMMENT 'Primary Key', AUTO_INCREMENT=250;

--
-- AUTO_INCREMENT for table `projects`
--
ALTER TABLE `projects`
  MODIFY `project_id` int(11) NOT NULL AUTO_INCREMENT, AUTO_INCREMENT=4;

--
-- AUTO_INCREMENT for table `roles`
--
ALTER TABLE `roles`
  MODIFY `id_role` tinyint(11) NOT NULL AUTO_INCREMENT, AUTO_INCREMENT=3;

--
-- AUTO_INCREMENT for table `tasks`
--
ALTER TABLE `tasks`
  MODIFY `task_id` int(11) NOT NULL AUTO_INCREMENT, AUTO_INCREMENT=14;

--
-- AUTO_INCREMENT for table `users`
--
ALTER TABLE `users`
  MODIFY `id` int(11) NOT NULL AUTO_INCREMENT, AUTO_INCREMENT=3;

--
-- Constraints for dumped tables
--

--
-- Constraints for table `hourly_control`
--
ALTER TABLE `hourly_control`
  ADD CONSTRAINT `fk_hourly_control_project` FOREIGN KEY (`project_id`) REFERENCES `projects` (`project_id`) ON UPDATE CASCADE,
  ADD CONSTRAINT `fk_hourly_control_task` FOREIGN KEY (`task_id`) REFERENCES `tasks` (`task_id`) ON UPDATE CASCADE,
  ADD CONSTRAINT `fk_hourly_control_user` FOREIGN KEY (`id_user`) REFERENCES `users` (`id`) ON UPDATE CASCADE;

--
-- Constraints for table `users`
--
ALTER TABLE `users`
  ADD CONSTRAINT `fk_users_role` FOREIGN KEY (`id_role`) REFERENCES `roles` (`id_role`) ON UPDATE CASCADE;
COMMIT;

/*!40101 SET CHARACTER_SET_CLIENT=@OLD_CHARACTER_SET_CLIENT */;
/*!40101 SET CHARACTER_SET_RESULTS=@OLD_CHARACTER_SET_RESULTS */;
/*!40101 SET COLLATION_CONNECTION=@OLD_COLLATION_CONNECTION */;
