-- phpMyAdmin SQL Dump
-- version 5.2.1
-- https://www.phpmyadmin.net/
--
-- Host: db
-- Generation Time: Jun 13, 2025 at 09:38 PM
-- Server version: 11.5.2-MariaDB-ubu2404
-- PHP Version: 8.2.23

SET SQL_MODE = "NO_AUTO_VALUE_ON_ZERO";
START TRANSACTION;
SET time_zone = "+00:00";


/*!40101 SET @OLD_CHARACTER_SET_CLIENT=@@CHARACTER_SET_CLIENT */;
/*!40101 SET @OLD_CHARACTER_SET_RESULTS=@@CHARACTER_SET_RESULTS */;
/*!40101 SET @OLD_COLLATION_CONNECTION=@@COLLATION_CONNECTION */;
/*!40101 SET NAMES utf8mb4 */;

--
-- Database: `my_database`
--

-- --------------------------------------------------------

--
-- Table structure for table `hourly_control`
--

CREATE TABLE `hourly_control` (
  `id` int(11) NOT NULL COMMENT 'Primary Key',
  `id_user` int(11) NOT NULL COMMENT 'User ID',
  `project_id` int(11) NOT NULL,
  `task_id` int(11) NOT NULL,
  `date_in` datetime DEFAULT NULL COMMENT 'Get in to work',
  `date_out` datetime DEFAULT NULL COMMENT 'Get out of work',
  `total_time_worked` time DEFAULT NULL COMMENT 'Total time worked'
) ENGINE=InnoDB DEFAULT CHARSET=utf8mb4 COLLATE=utf8mb4_uca1400_ai_ci;

--
-- Dumping data for table `hourly_control`
--

INSERT INTO `hourly_control` (`id`, `id_user`, `project_id`, `task_id`, `date_in`, `date_out`, `total_time_worked`) VALUES
(1, 1, 1, 2, '2024-10-06 21:54:38', '2024-10-06 21:54:43', NULL),
(2, 1, 1, 2, '2024-10-06 22:35:24', '2024-10-06 22:35:28', NULL),
(3, 1, 1, 2, '2024-10-06 23:18:05', '2024-10-06 23:18:33', NULL),
(4, 1, 1, 1, '2024-10-06 23:19:00', '2024-10-06 23:19:01', NULL),
(5, 1, 1, 2, '2024-10-06 23:20:00', '2024-10-06 23:20:01', NULL),
(6, 1, 1, 2, '2024-10-06 23:20:03', '2024-10-06 23:21:27', NULL),
(7, 1, 1, 2, '2024-10-06 23:44:58', '2024-10-06 23:44:59', NULL),
(8, 1, 1, 1, '2024-10-06 23:49:06', '2024-10-06 23:50:17', NULL),
(9, 1, 1, 2, '2024-10-06 23:51:04', '2024-10-06 23:51:07', NULL),
(10, 2, 1, 1, '2024-10-07 10:13:15', '2024-10-07 10:13:31', NULL),
(11, 1, 1, 2, '2024-10-07 11:53:10', '2024-10-07 13:21:44', NULL),
(12, 1, 1, 2, '2024-10-07 14:04:42', '2024-10-07 14:05:00', NULL),
(13, 1, 1, 1, '2024-10-07 14:05:22', '2024-10-07 14:11:13', NULL),
(14, 1, 1, 1, '2024-10-07 14:18:32', '2024-10-07 14:20:18', '00:01:46'),
(15, 1, 1, 1, '2024-10-07 17:08:26', '2024-10-07 17:10:08', '00:01:42'),
(16, 1, 1, 1, '2024-10-07 18:18:04', '2024-10-07 18:19:40', '00:01:36'),
(17, 1, 1, 2, '2024-10-07 18:20:07', '2024-10-07 18:21:20', '00:01:13'),
(18, 1, 1, 2, '2024-10-07 18:22:07', '2024-10-07 18:51:08', '00:29:01'),
(19, 2, 1, 2, '2024-10-07 18:23:16', '2024-10-07 18:24:03', '00:00:47'),
(20, 2, 1, 1, '2024-10-07 18:25:07', '2024-10-07 18:25:47', '00:00:40'),
(22, 2, 1, 2, '2024-10-07 18:56:09', '2024-10-07 18:58:36', '00:02:27'),
(23, 1, 1, 1, '2024-10-07 18:56:59', '2024-10-07 18:59:56', '00:02:57'),
(24, 1, 1, 1, '2024-10-07 19:00:03', '2024-10-07 19:01:35', '00:01:32'),
(25, 2, 1, 2, '2024-10-07 19:13:30', '2024-10-07 20:15:04', '01:01:34'),
(26, 1, 1, 2, '2024-10-07 20:46:51', '2024-10-07 21:34:58', '00:48:07'),
(27, 2, 1, 2, '2024-10-07 21:49:27', '2024-10-07 21:50:00', '00:00:33'),
(28, 1, 1, 2, '2024-10-08 13:39:44', '2024-10-08 13:39:51', '00:00:07'),
(29, 1, 1, 2, '2024-10-08 13:39:54', '2024-10-08 14:00:02', '00:20:08'),
(30, 1, 1, 1, '2024-10-08 18:03:26', '2024-10-08 22:19:05', '04:15:39'),
(31, 2, 1, 1, '2024-10-08 20:55:22', '2024-10-08 22:24:37', '01:29:15'),
(32, 1, 1, 2, '2024-10-09 09:11:46', '2024-10-09 13:42:45', '04:30:59'),
(33, 2, 1, 2, '2024-10-09 11:16:34', '2024-10-09 13:43:33', '02:26:59'),
(34, 2, 1, 1, '2024-10-09 17:39:36', '2024-10-10 08:46:08', '15:06:32'),
(44, 1, 1, 1, '2024-10-10 16:26:51', '2024-10-10 18:13:21', '01:46:30'),
(45, 1, 1, 1, '2024-10-31 13:36:44', '2024-10-31 19:57:05', '06:20:21'),
(46, 1, 1, 2, '2024-11-01 15:48:09', '2024-11-02 21:49:30', '06:01:21'),
(47, 1, 1, 1, '2024-11-20 09:57:04', '2024-11-20 15:11:36', '05:14:32'),
(48, 1, 1, 1, '2024-11-22 09:43:08', '2024-11-22 14:51:25', '05:08:17'),
(49, 1, 1, 2, '2024-12-05 12:15:48', '2024-12-05 12:16:02', '00:00:14'),
(50, 1, 1, 1, '2024-12-05 17:45:31', '2024-12-05 18:18:18', '00:32:47'),
(51, 1, 1, 2, '2024-12-06 11:23:18', '2024-12-06 12:27:15', '01:03:57'),
(52, 1, 1, 2, '2024-12-06 12:30:38', '2024-12-06 12:51:17', '00:20:39'),
(53, 1, 1, 1, '2025-01-24 10:47:02', '2025-01-25 09:53:16', '23:06:14'),
(54, 1, 1, 2, '2025-01-25 09:54:28', '2025-01-25 10:00:43', '00:06:15'),
(55, 1, 1, 2, '2025-01-25 17:15:31', '2025-01-25 18:58:25', '01:42:54'),
(56, 1, 1, 1, '2025-01-26 10:40:38', '2025-01-26 13:26:34', '02:45:56'),
(57, 1, 1, 2, '2025-01-26 19:17:35', '2025-01-27 09:36:10', '14:18:35'),
(58, 1, 1, 1, '2025-01-27 09:37:25', '2025-01-27 15:48:51', '06:11:26'),
(59, 1, 1, 2, '2025-01-27 19:23:11', '2025-01-27 21:53:21', '02:30:10'),
(60, 1, 1, 1, '2025-01-28 09:52:07', '2025-01-28 19:51:11', '09:59:04'),
(61, 1, 1, 1, '2025-01-29 12:13:27', '2025-01-29 13:32:18', '01:18:51'),
(62, 1, 1, 2, '2025-01-29 16:41:35', '2025-01-29 22:49:40', '06:08:05'),
(63, 1, 1, 2, '2025-01-30 15:21:02', '2025-01-31 11:12:52', '19:51:50'),
(64, 1, 1, 1, '2025-01-31 16:59:52', '2025-02-03 10:42:48', '17:42:56'),
(65, 1, 1, 1, '2025-02-03 10:44:07', '2025-02-04 09:32:46', '22:48:39'),
(66, 1, 1, 2, '2025-02-04 09:32:52', '2025-02-05 18:47:29', '09:14:37'),
(67, 1, 1, 1, '2025-02-13 09:46:54', '2025-02-13 09:46:57', '00:00:03'),
(68, 1, 1, 1, '2025-02-13 09:46:58', '2025-02-13 14:11:23', '04:24:25'),
(69, 1, 1, 1, '2025-02-13 17:22:37', '2025-02-13 22:46:35', '05:23:58'),
(70, 1, 1, 1, '2025-02-14 11:37:05', '2025-02-14 14:45:39', '03:08:34'),
(71, 1, 1, 2, '2025-02-15 13:21:08', '2025-02-15 15:56:37', '02:35:29'),
(72, 1, 1, 1, '2025-02-15 15:56:46', '2025-02-15 23:29:11', '07:32:25'),
(73, 1, 1, 2, '2025-02-16 09:22:53', '2025-02-16 14:29:38', '05:06:45'),
(74, 1, 1, 1, '2025-02-16 18:23:44', '2025-02-16 23:25:21', '05:01:37'),
(75, 1, 1, 1, '2025-02-17 09:00:37', '2025-02-17 15:24:10', '06:23:33'),
(76, 1, 1, 2, '2025-02-17 18:28:45', '2025-02-17 21:45:57', '03:17:12'),
(77, 1, 1, 1, '2025-02-20 10:48:01', '2025-02-20 14:38:38', '03:50:37'),
(78, 1, 1, 2, '2025-02-20 17:00:59', '2025-02-20 23:20:58', '06:19:59'),
(79, 1, 1, 1, '2025-02-21 09:50:49', '2025-02-21 13:55:22', '04:04:33'),
(80, 1, 1, 1, '2025-03-01 12:39:23', '2025-03-01 21:23:06', '08:43:43'),
(81, 1, 1, 1, '2025-03-02 09:15:31', '2025-03-02 19:06:47', '09:51:16'),
(82, 1, 1, 1, '2025-03-09 09:08:48', '2025-03-09 21:46:01', '12:37:13'),
(83, 1, 1, 1, '2025-03-14 18:41:38', '2025-03-14 21:59:20', '03:17:42'),
(84, 1, 1, 2, '2025-03-15 09:31:21', '2025-03-15 13:48:01', '04:16:40'),
(85, 1, 1, 2, '2025-03-16 08:40:16', '2025-03-16 16:09:27', '07:29:11'),
(86, 1, 1, 1, '2025-03-19 11:19:27', '2025-03-19 15:27:17', '04:07:50'),
(87, 1, 1, 2, '2025-03-19 18:13:51', '2025-03-19 23:41:41', '05:27:50'),
(88, 1, 1, 1, '2025-03-20 16:54:11', '2025-03-21 15:21:47', '22:27:36'),
(89, 1, 1, 1, '2025-03-22 10:48:30', '2025-03-23 08:47:11', '21:58:41'),
(90, 1, 1, 2, '2025-03-24 17:20:27', '2025-03-24 18:50:15', '01:29:48'),
(91, 1, 1, 2, '2025-06-01 18:24:06', '2025-06-01 20:41:59', '02:17:53'),
(92, 1, 1, 1, '2025-06-02 20:40:15', '2025-06-02 21:35:49', '00:55:34'),
(93, 1, 1, 1, '2025-06-03 20:10:30', '2025-06-04 18:35:10', '22:24:40'),
(94, 1, 1, 2, '2025-06-04 18:36:08', '2025-06-05 18:02:05', '23:25:57'),
(95, 1, 1, 1, '2025-06-05 18:02:08', '2025-06-06 18:15:17', '00:13:09'),
(96, 1, 1, 2, '2025-06-06 18:16:12', '2025-06-06 21:02:16', '02:46:04'),
(97, 1, 1, 2, '2025-06-07 09:56:27', '2025-06-07 16:27:37', '06:31:10'),
(98, 1, 1, 1, '2025-06-08 11:46:25', '2025-06-08 23:10:28', '11:24:03'),
(99, 1, 1, 2, '2025-06-09 18:46:35', '2025-06-09 18:47:21', '00:00:46'),
(100, 1, 1, 2, '2025-06-09 18:47:29', '2025-06-09 18:49:21', '00:01:52'),
(103, 1, 1, 2, '2025-06-09 21:45:27', '2025-06-09 22:18:23', '00:32:56'),
(104, 1, 1, 2, '2025-06-10 17:31:35', '2025-06-10 17:31:40', '00:00:05'),
(106, 1, 1, 1, '2025-06-10 17:31:50', '2025-06-10 17:31:55', '00:00:05'),
(108, 1, 1, 1, '2025-06-10 17:32:12', '2025-06-10 17:33:04', '00:00:52'),
(109, 1, 1, 1, '2025-06-10 17:33:38', '2025-06-10 17:33:42', '00:00:04'),
(110, 1, 1, 2, '2025-06-10 17:34:56', '2025-06-10 17:34:59', '00:00:03'),
(112, 1, 1, 2, '2025-06-10 17:35:05', '2025-06-10 17:38:48', '00:03:43'),
(113, 1, 1, 2, '2025-06-10 17:38:50', '2025-06-10 17:38:59', '00:00:09'),
(114, 1, 1, 2, '2025-06-10 17:39:16', '2025-06-10 17:39:25', '00:00:09'),
(115, 1, 1, 2, '2025-06-10 17:43:33', '2025-06-10 17:45:41', '00:02:08'),
(116, 1, 1, 1, '2025-06-10 17:53:58', '2025-06-10 18:02:56', '00:08:58'),
(117, 1, 1, 2, '2025-06-10 18:03:05', '2025-06-10 18:07:38', '00:04:33'),
(118, 1, 1, 1, '2025-06-10 18:13:41', '2025-06-10 18:14:42', '00:01:01'),
(119, 1, 1, 1, '2025-06-10 18:16:20', '2025-06-10 18:21:20', '00:05:00'),
(120, 1, 1, 1, '2025-06-10 18:21:46', '2025-06-10 18:23:43', '00:01:57'),
(121, 1, 1, 2, '2025-06-10 18:23:48', '2025-06-10 18:25:01', '00:01:13'),
(122, 1, 1, 1, '2025-06-10 18:27:17', '2025-06-10 18:27:52', '00:00:35'),
(124, 1, 1, 1, '2025-06-10 18:28:28', '2025-06-10 18:29:10', '00:00:42'),
(127, 1, 1, 2, '2025-06-10 18:29:50', '2025-06-10 18:29:57', '00:00:07'),
(130, 1, 1, 2, '2025-06-10 18:31:18', '2025-06-10 18:31:21', '00:00:03'),
(134, 1, 1, 1, '2025-06-10 18:31:47', '2025-06-10 18:31:48', '00:00:01'),
(135, 1, 1, 2, '2025-06-10 18:31:49', '2025-06-10 18:31:52', '00:00:03'),
(137, 1, 1, 2, '2025-06-10 18:32:36', '2025-06-10 18:32:38', '00:00:02'),
(138, 1, 1, 1, '2025-06-10 18:32:39', '2025-06-10 18:33:22', '00:00:43'),
(141, 1, 1, 2, '2025-06-10 18:33:29', '2025-06-10 18:33:30', '00:00:01'),
(143, 1, 1, 2, '2025-06-10 18:34:31', '2025-06-10 18:34:33', '00:00:02'),
(144, 1, 1, 1, '2025-06-10 18:34:34', '2025-06-10 18:34:35', '00:00:01'),
(146, 1, 1, 1, '2025-06-10 18:36:23', '2025-06-10 18:36:24', '00:00:01'),
(147, 1, 1, 2, '2025-06-10 18:36:37', '2025-06-10 18:37:08', '00:00:31'),
(149, 1, 1, 1, '2025-06-10 18:37:38', '2025-06-10 18:39:00', '00:01:22'),
(152, 1, 1, 1, '2025-06-10 18:39:53', '2025-06-10 18:40:03', '00:00:10'),
(153, 1, 1, 1, '2025-06-10 18:42:55', '2025-06-10 18:44:54', '00:01:59'),
(156, 1, 1, 2, '2025-06-10 18:49:35', '2025-06-10 18:49:46', '00:00:11'),
(157, 1, 1, 2, '2025-06-10 18:50:50', '2025-06-10 18:51:16', '00:00:26'),
(158, 1, 1, 2, '2025-06-10 18:51:38', '2025-06-10 18:51:58', '00:00:20'),
(159, 1, 1, 2, '2025-06-10 18:52:12', '2025-06-10 18:53:30', '00:01:18'),
(160, 1, 1, 2, '2025-06-10 19:18:07', '2025-06-10 19:33:57', '00:15:50'),
(161, 1, 1, 1, '2025-06-10 19:34:48', '2025-06-10 19:35:39', '00:00:51'),
(162, 1, 1, 2, '2025-06-10 19:35:48', '2025-06-10 19:56:44', '00:20:56'),
(163, 1, 1, 1, '2025-06-10 19:56:50', '2025-06-10 20:10:24', '00:13:34'),
(164, 1, 1, 1, '2025-06-10 22:44:02', '2025-06-10 23:00:43', '00:16:41'),
(165, 1, 1, 1, '2025-06-10 23:00:47', '2025-06-10 23:01:03', '00:00:16'),
(166, 1, 1, 2, '2025-06-10 23:01:10', '2025-06-10 23:02:03', '00:00:53'),
(167, 1, 1, 1, '2025-06-10 23:04:48', '2025-06-10 23:04:52', '00:00:04'),
(168, 1, 1, 2, '2025-06-10 23:04:53', '2025-06-10 23:06:15', '00:01:22'),
(169, 1, 1, 1, '2025-06-10 23:08:35', '2025-06-10 23:08:43', '00:00:08'),
(170, 1, 1, 2, '2025-06-10 23:08:44', '2025-06-10 23:25:26', '00:16:42'),
(171, 1, 1, 1, '2025-06-10 23:25:28', '2025-06-10 23:26:20', '00:00:52'),
(172, 1, 1, 2, '2025-06-10 23:26:22', '2025-06-10 23:29:00', '00:02:38'),
(173, 1, 1, 2, '2025-06-10 23:29:04', '2025-06-10 23:34:24', '00:05:20'),
(174, 1, 1, 1, '2025-06-10 23:34:26', '2025-06-10 23:40:22', '00:05:56'),
(175, 1, 1, 2, '2025-06-10 23:42:23', '2025-06-10 23:43:34', '00:01:11'),
(176, 1, 1, 2, '2025-06-10 23:43:37', '2025-06-10 23:45:58', '00:02:21'),
(177, 1, 1, 2, '2025-06-10 23:45:59', '2025-06-10 23:46:27', '00:00:28'),
(178, 1, 1, 2, '2025-06-10 23:46:29', '2025-06-10 23:47:12', '00:00:43'),
(179, 1, 1, 2, '2025-06-10 23:47:13', '2025-06-10 23:49:17', '00:02:04'),
(180, 1, 1, 2, '2025-06-11 18:55:51', '2025-06-11 18:56:36', '00:00:45'),
(181, 1, 1, 1, '2025-06-11 18:58:04', '2025-06-11 18:58:50', '00:00:46'),
(182, 1, 1, 1, '2025-06-11 18:59:05', '2025-06-11 19:00:22', '00:01:17'),
(183, 1, 1, 2, '2025-06-11 19:00:25', '2025-06-11 19:01:29', '00:01:04'),
(184, 1, 1, 1, '2025-06-11 19:02:37', '2025-06-11 19:04:16', '00:01:39'),
(185, 1, 1, 1, '2025-06-11 19:04:18', '2025-06-11 19:17:03', '00:12:45'),
(186, 1, 1, 2, '2025-06-11 19:17:05', '2025-06-11 19:17:27', '00:00:22'),
(187, 1, 1, 1, '2025-06-11 19:17:29', '2025-06-11 19:21:33', '00:04:04'),
(188, 1, 1, 1, '2025-06-11 19:42:31', '2025-06-11 19:44:19', '00:01:48'),
(189, 1, 1, 2, '2025-06-11 19:48:04', '2025-06-11 20:02:18', '00:14:14'),
(190, 1, 1, 1, '2025-06-11 20:27:49', '2025-06-11 20:28:03', '00:00:14'),
(191, 1, 1, 1, '2025-06-11 20:28:32', '2025-06-11 20:33:11', '00:04:39'),
(192, 1, 1, 1, '2025-06-11 20:41:51', '2025-06-11 20:43:13', '00:01:22'),
(193, 1, 1, 1, '2025-06-11 20:43:35', '2025-06-11 20:43:50', '00:00:15'),
(194, 1, 1, 1, '2025-06-11 20:45:43', '2025-06-11 20:45:48', '00:00:05'),
(195, 1, 1, 1, '2025-06-11 20:51:28', '2025-06-11 20:51:40', '00:00:12'),
(196, 1, 1, 1, '2025-06-11 21:56:46', '2025-06-11 22:01:44', '00:04:58'),
(197, 1, 1, 2, '2025-06-11 22:18:01', '2025-06-11 22:18:37', '00:00:36'),
(198, 1, 2, 1, '2025-06-11 22:20:06', '2025-06-11 22:21:18', '00:01:12'),
(199, 1, 2, 1, '2025-06-11 22:26:02', '2025-06-11 22:26:30', '00:00:28'),
(200, 1, 1, 2, '2025-06-11 22:26:47', '2025-06-11 22:46:52', '00:20:05'),
(201, 1, 2, 1, '2025-06-11 22:58:46', '2025-06-11 23:00:26', '00:01:40'),
(202, 1, 2, 2, '2025-06-13 21:45:53', '2025-06-13 21:46:40', '00:00:47'),
(203, 1, 2, 2, '2025-06-13 22:39:09', '2025-06-13 23:02:54', '00:23:45'),
(204, 1, 2, 1, '2025-06-13 23:14:04', '2025-06-13 23:15:33', '00:01:29'),
(205, 1, 2, 2, '2025-06-13 23:18:16', '2025-06-13 23:24:13', '00:05:57');

-- --------------------------------------------------------

--
-- Table structure for table `projects`
--

CREATE TABLE `projects` (
  `project_id` int(11) NOT NULL,
  `project_name` varchar(100) DEFAULT NULL,
  `active` tinyint(1) DEFAULT 0
) ENGINE=InnoDB DEFAULT CHARSET=utf8mb4 COLLATE=utf8mb4_uca1400_ai_ci;

--
-- Dumping data for table `projects`
--

INSERT INTO `projects` (`project_id`, `project_name`, `active`) VALUES
(1, 'Example Project', 1),
(2, 'Main Project', 1);

-- --------------------------------------------------------

--
-- Table structure for table `roles`
--

CREATE TABLE `roles` (
  `id_role` tinyint(11) NOT NULL,
  `role` varchar(50) NOT NULL
) ENGINE=InnoDB DEFAULT CHARSET=utf8mb4 COLLATE=utf8mb4_general_ci;

--
-- Dumping data for table `roles`
--

INSERT INTO `roles` (`id_role`, `role`) VALUES
(1, 'ROLE_ADMIN'),
(2, 'ROLE_USER');

-- --------------------------------------------------------

--
-- Table structure for table `tasks`
--

CREATE TABLE `tasks` (
  `task_id` int(11) NOT NULL,
  `task_name` varchar(100) DEFAULT NULL,
  `active` tinyint(1) DEFAULT 0
) ENGINE=InnoDB DEFAULT CHARSET=utf8mb4 COLLATE=utf8mb4_uca1400_ai_ci;

--
-- Dumping data for table `tasks`
--

INSERT INTO `tasks` (`task_id`, `task_name`, `active`) VALUES
(1, 'Refactor HomeController', 1),
(2, 'Refactor AdminController', 1);

-- --------------------------------------------------------

--
-- Table structure for table `users`
--

CREATE TABLE `users` (
  `id` int(11) NOT NULL,
  `user_name` varchar(50) NOT NULL,
  `email` varchar(255) NOT NULL,
  `password` varchar(255) NOT NULL,
  `id_role` tinyint(4) NOT NULL DEFAULT 2
) ENGINE=InnoDB DEFAULT CHARSET=utf8mb4 COLLATE=utf8mb4_general_ci;

--
-- Dumping data for table `users`
--

INSERT INTO `users` (`id`, `user_name`, `email`, `password`, `id_role`) VALUES
(1, 'admin', 'admin@admin.com', '$2y$10$ogfCYy6rVto2lawPtHCONuYgHsVDjYvBMqk6KXY/EdTkGddW7kmJ.', 1),
(2, 'mario', 'mario@mario.com', '$2y$10$W8t/Qcv3NgXk9XN.yIJfzOJso5lOUtimt.8qpqpRlOF/VtZ3xotrK', 2);

--
-- Indexes for dumped tables
--

--
-- Indexes for table `hourly_control`
--
ALTER TABLE `hourly_control`
  ADD PRIMARY KEY (`id`);

--
-- Indexes for table `projects`
--
ALTER TABLE `projects`
  ADD PRIMARY KEY (`project_id`);

--
-- Indexes for table `roles`
--
ALTER TABLE `roles`
  ADD PRIMARY KEY (`id_role`);

--
-- Indexes for table `tasks`
--
ALTER TABLE `tasks`
  ADD PRIMARY KEY (`task_id`);

--
-- Indexes for table `users`
--
ALTER TABLE `users`
  ADD PRIMARY KEY (`id`),
  ADD KEY `fk_user_role` (`id_role`);

--
-- AUTO_INCREMENT for dumped tables
--

--
-- AUTO_INCREMENT for table `hourly_control`
--
ALTER TABLE `hourly_control`
  MODIFY `id` int(11) NOT NULL AUTO_INCREMENT COMMENT 'Primary Key', AUTO_INCREMENT=206;

--
-- AUTO_INCREMENT for table `projects`
--
ALTER TABLE `projects`
  MODIFY `project_id` int(11) NOT NULL AUTO_INCREMENT, AUTO_INCREMENT=3;

--
-- AUTO_INCREMENT for table `roles`
--
ALTER TABLE `roles`
  MODIFY `id_role` tinyint(11) NOT NULL AUTO_INCREMENT, AUTO_INCREMENT=3;

--
-- AUTO_INCREMENT for table `tasks`
--
ALTER TABLE `tasks`
  MODIFY `task_id` int(11) NOT NULL AUTO_INCREMENT, AUTO_INCREMENT=3;

--
-- AUTO_INCREMENT for table `users`
--
ALTER TABLE `users`
  MODIFY `id` int(11) NOT NULL AUTO_INCREMENT, AUTO_INCREMENT=3;
COMMIT;

/*!40101 SET CHARACTER_SET_CLIENT=@OLD_CHARACTER_SET_CLIENT */;
/*!40101 SET CHARACTER_SET_RESULTS=@OLD_CHARACTER_SET_RESULTS */;
/*!40101 SET COLLATION_CONNECTION=@OLD_COLLATION_CONNECTION */;
